INSERT INTO `Item` (id, name, image) VALUES
  (1, 'T-Shirt', NULL),
  (2, 'Pullover', NULL),
  (3, 'Babyflasche', NULL),
  (4, 'Babylotion', NULL),
  (5, 'Babynahrung', NULL),
  (6, 'Babyöl', NULL),
  (7, 'Babypflege', NULL),
  (8, 'Babypuder', NULL),
  (9, 'Babytragen', NULL),
  (10, 'Kamm', NULL),
  (11, 'Bürste', NULL),
  (12, 'Kuscheltier', NULL),
  (13, 'Schnuller', NULL),
  (14, 'Kindershampoo', NULL),
  (15, 'Wundschutzcreme', NULL),
  (16, 'Sprachmittler', NULL),
  (17, 'Decke', NULL),
  (18, 'Hackenporsche', NULL),
  (19, 'Isomatte', NULL),
  (20, 'Kinderwagen', NULL),
  (21, 'Reisetasche', NULL),
  (22, 'Rucksack', NULL),
  (23, 'Schlafsack', NULL),
  (24, 'Tragetasche', NULL),
  (25, 'Hand, Gesichts, Pflegecreme', NULL),
  (26, 'Damenbinden', NULL),
  (27, 'Deoroller', NULL),
  (28, 'Duschgel', NULL),
  (29, 'Einwegrasierer', NULL),
  (30, 'Zahnbürste', NULL),
  (31, 'Kinderzahnbürste', NULL),
  (32, 'Lippenpflegestift', NULL),
  (33, 'Rasierschaum', NULL),
  (34, 'Shampoo', NULL),
  (35, 'Taschentücher', NULL),
  (36, 'Zahnpasta', NULL),
  (37, 'Schuhpaar', NULL),
  (38, 'Outdoorjacke', NULL),
  (39, 'Handschuhe', NULL),
  (40, 'Hose', NULL),
  (41, 'Socken', NULL),
  (42, 'Küchenrolle', NULL),
  (43, 'Plastik, Pappbecher', NULL),
  (44, 'Kaffee', NULL),
  (45, 'Kakao', NULL),
  (46, 'Kekse', NULL),
  (47, 'Astronautenanzug', NULL),
  (48, 'Wasser (still)', NULL),
  (49, 'Klopapier', NULL),
  (50, 'Milch', NULL),
  (51, 'Müsliriegel', NULL),
  (52, 'Zucker', NULL),
  (53, 'Schwangerschaftstest', NULL),
  (54, 'Regenschutz', NULL),
  (55, 'BVG-Ticket', NULL),
  (56, 'Freikarten für Kultur- und Sportveranstaltungen', NULL),
  (57, 'Windeln', NULL),
  (58, 'Feuchttücher', NULL),
  (59, 'Kosmetikartikel', NULL),
  (60, 'Musikinstrument', NULL),
  (61, 'Sportgerät', NULL),
  (62, 'Sportkleidung', NULL),
  (63, 'Wörterbuch', NULL),
  (64, 'Laptop / PC / Handy', NULL),
  (65, 'Müllbeutel', NULL),
  (66, 'Kissen', NULL),
  (67, 'Kantine', NULL),
  (68, 'SIM-Karte', NULL),
  (69, 'Sommerbekleidung', NULL),
  (70, 'Spielzeug', NULL),
  (71, 'Besteck', NULL),
  (72, 'Teller', NULL),
  (73, 'Tassen', NULL),
  (74, 'Schlafanzug', NULL),
  (75, 'Sportschuhe', NULL),
  (76, 'Schal', NULL),
  (77, 'Mütze', NULL),
  (78, 'Gürtel', NULL),
  (79, 'Kravatte', NULL),
  (80, 'Hemd', NULL),
  (81, 'Haargel', NULL),
  (82, 'Seife', NULL),
  (83, 'Kondom', NULL),
  (84, 'Wattestäbchen', NULL),
  (85, 'Bodylotion', NULL),
  (86, 'Putzhandschuhe', NULL),
  (87, 'Nagelschere', NULL),
  (88, 'Ohrenstöpsel', NULL),
  (89, 'Zahnseide', NULL),
  (90, 'Umzugskarton', NULL),
  (91, 'Stift', NULL),
  (92, 'Tesafilm', NULL),
  (93, 'Trinkflasche', NULL),
  (94, 'Wäschekorb', NULL),
  (95, 'Gebetsteppich', NULL),
  (96, 'Hustensaft', NULL),
  (97, 'Schmerzmittel', NULL),
  (98, 'Nasenspray', NULL),
  (99, 'Jodsalbe', NULL),
  (100, 'Jacke', NULL);

INSERT INTO `Accommodation` (id, name, clean_name, email, telnr, authtoken) VALUES
  (1, 'NUK Brennpunkt', 'test-brennpunkt', 'nonofyour@business.de', '0123/456789', "besser-wisser-martin"),
  (2, 'NUK Moabit', 'test-moabit', 'nonofyour@business.de', '0123/456789', "erde-erde-erde"),
  (3, 'NUK Mitte', 'test-mitte', 'nonofyour@business.de', '0123/456789', "tanz-koch-kurs"),
  (4, 'NUK Steglitz', 'test-steglitz', 'nonofyour@business.de', '0123/456789', "feuer-wasser-luft");

INSERT INTO `Request` (id, accommodation_id, item_id, expiration) VALUES
  (1, 1, 1, NULL),
  (2, 1, 13, NULL),
  (3, 1, 16, NULL),
  (4, 1, 11, NULL),
  (5, 1, 22, NULL),
  (6, 1, 35, NULL),
  (7, 1, 47, NULL),
  (8, 1, 22, NULL),
  (9, 1, 11, NULL),
  (10, 1, 12, NULL),
  (11, 1, 31, NULL),
  (12, 1, 17, NULL),
  (13, 1, 19, NULL),
  (14, 1, 27, NULL),
  (15, 1, 41, NULL),
  (17, 1, 95, NULL),
  (18, 1, 95, NULL),
  (19, 1, 95, NULL),
  (20, 1, 95, NULL),
  (21, 1, 95, NULL),
  (22, 1, 95, NULL),
  (23, 1, 95, NULL),
  (24, 1, 95, NULL),
  (25, 1, 95, NULL),
  (26, 1, 95, NULL),
  (27, 1, 95, NULL),
  (28, 1, 95, NULL),
  (29, 1, 95, NULL),
  (30, 1, 95, NULL),
  (31, 1, 95, NULL),
  (32, 1, 95, NULL),
  (16, 1, 50, NULL);
